{"cameraMode":{"drawMode":1,"name":"Wireframe","section":"Shading Mode"},"sceneLighting":true,"audioPlay":false,"sceneViewState":{"showFog":true,"showMaterialUpdate":false,"showSkybox":true,"showFlares":true,"showImageEffects":true,"showParticleSystems":true},"in2DMode":false,"pivot":{"x":-1019.4288940429688,"y":1332.698486328125,"z":740.6359252929688},"rotation":{"x":-0.05262181907892227,"y":0.7929121255874634,"z":-0.06914982199668884,"w":-0.6031986474990845},"size":94.91812133789063,"orthographic":false}